sku,name,price,discount,new,saleCount,rating,shortDescription,fullDescription,base_price,iva,visible,stock
ZAP001,Zapato Casual Hombre,799,10,1,5,4,Zapato casual c贸modo,Zapato casual para uso diario con suela antideslizante.,688.79,0.16,1,30
CAM002,Camisa Manga Larga Mujer,499,5,1,10,4.5,Camisa elegante,Camisa de algod贸n para mujer con corte moderno.,430.17,0.16,1,25
TSH003,Playera Deportiva,299,0,0,20,5,Playera para deporte,Playera transpirable para correr o entrenar.,257.76,0.16,1,50
PNT004,Pantal髇 Formal,599,0,0,7,4.3,Pantal贸n formal,Pantal贸n ideal para oficina o eventos formales.,516.38,0.16,1,15
BLZ005,Blazer Slim Fit,1099,15,1,3,4.8,Blazer moderno,Blazer corte slim para ocasiones especiales.,946.55,0.16,1,10
TEN006,Tenis Running,899,20,1,18,4.9,Tenis para correr,Tenis ligeros con amortiguaci贸n para entrenamientos.,774.14,0.16,1,35
CHM007,Chamarra Impermeable,1200,0,0,8,4.1,Chamarra para lluvia,Chamarra impermeable ideal para clima lluvioso.,1034.48,0.16,1,12
MOC008,Mochila Escolar,450,0,1,12,4,Mochila resistente,Mochila con m煤ltiples compartimientos y refuerzo.,387.93,0.16,1,40
CRG009,Cargador Rapido USB-C,199,0,1,50,5,Cargador 20W,Cargador r谩pido compatible con m煤ltiples dispositivos.,171.55,0.16,1,100
